,title,price,type,men's item,link
0,huge blue lapis lazuli and turquoise statement ring,150,ring,True,https://washingtondc.craigslist.org/doc/jwl/d/washington-huge-blue-lapis-lazuli-and/7786597063.html
1,diamond tiara,15,other,False,https://washingtondc.craigslist.org/doc/jwl/d/washington-diamond-tiara/7786705292.html
2,men’s swiss watch,460,watch,True,https://washingtondc.craigslist.org/mld/jwl/d/silver-spring-mens-swiss-watch/7787694086.html
3,new men's watch,450,watch,True,https://washingtondc.craigslist.org/mld/jwl/d/silver-spring-new-mens-watch/7782551248.html
4,"cubic zirconia wedding ring set, size 10",10,ring,False,https://washingtondc.craigslist.org/doc/jwl/d/washington-cubic-zirconia-wedding-ring/7788913585.html
5,men’s swiss watch,360,watch,True,https://washingtondc.craigslist.org/mld/jwl/d/silver-spring-mens-swiss-watch/7787081734.html
6,new men's watch,360,watch,True,https://washingtondc.craigslist.org/mld/jwl/d/silver-spring-new-mens-watch/7785848071.html
7,brand new smart watch with multi-function in its box....,50,watch,False,https://washingtondc.craigslist.org/nva/jwl/d/reston-brand-new-smart-watch-with-multi/7785566169.html
8,skagen slim ladies watch nib,50,watch,False,https://washingtondc.craigslist.org/nva/jwl/d/arlington-skagen-slim-ladies-watch-nib/7782960309.html
9,new men's watch,360,watch,True,https://washingtondc.craigslist.org/mld/jwl/d/silver-spring-new-mens-watch/7783842066.html
10,2 brand new curved styling decorative hair combs.....,5,other,False,https://washingtondc.craigslist.org/nva/jwl/d/reston-brand-new-curved-styling/7786877087.html
11,stauer men's blue dial quartz chronograph watch date bracelet,50,watch,True,https://washingtondc.craigslist.org/nva/jwl/d/sterling-stauer-mens-blue-dial-quartz/7788901424.html
12,sherlove freshwater pearl necklace women gold dainty choker necklace,5,necklace,True,https://washingtondc.craigslist.org/mld/jwl/d/glen-echo-sherlove-freshwater-pearl/7788890978.html
13,columbia mens watch - large face,59,watch,True,https://washingtondc.craigslist.org/doc/jwl/d/bethesda-columbia-mens-watch-large-face/7788885465.html
14,tiffany t wire ring in 18k rose gold,750,ring,False,https://washingtondc.craigslist.org/nva/jwl/d/fairfax-tiffany-wire-ring-in-18k-rose/7785078680.html
15,disney's mickey mouse necklace (brand new),25,necklace,False,https://washingtondc.craigslist.org/mld/jwl/d/gaithersburg-disneys-mickey-mouse/7784813490.html
16,casio baby g shock,45,other,False,https://washingtondc.craigslist.org/mld/jwl/d/clinton-casio-baby-shock/7785838990.html
17,vintage crystal necklace,50,necklace,False,https://washingtondc.craigslist.org/nva/jwl/d/fairfax-vintage-crystal-necklace/7788257262.html
18,blancpain x swatch bioceramic scuba fifty fathoms,500,other,False,https://washingtondc.craigslist.org/mld/jwl/d/cabin-john-blancpain-swatch-bioceramic/7788809576.html
19,mens swiss watch open worked (skeleton),460,watch,True,https://washingtondc.craigslist.org/mld/jwl/d/rockville-mens-swiss-watch-open-worked/7786956696.html
20,men's swiss watch (skeleton),460,watch,True,https://washingtondc.craigslist.org/mld/jwl/d/rockville-mens-swiss-watch-skeleton/7783757769.html
21,casio ae-2100w-4avcf/or 3198,10,other,False,https://washingtondc.craigslist.org/nva/jwl/d/dumfries-casio-ae-2100w-4avcf-or-3198/7788800802.html
22,casio g-shock / gwg-100-1a8jf,100,other,False,https://washingtondc.craigslist.org/nva/jwl/d/dumfries-casio-shock-gwg-100-1a8jf/7788781287.html
23,casio watch with japan movement and new 10-year battery,50,watch,True,https://washingtondc.craigslist.org/nva/jwl/d/fairfax-casio-watch-with-japan-movement/7782673909.html
24,vintage solid copper southwestern bracelet,30,bracelet,False,https://washingtondc.craigslist.org/nva/jwl/d/fairfax-vintage-solid-copper/7780230024.html
25,"pink, ivory, aqua beaded necklace & bracelet",20,necklace,False,https://washingtondc.craigslist.org/nva/jwl/d/fairfax-pink-ivory-aqua-beaded-necklace/7780229970.html
26,sterling silver cuff bracelet,60,bracelet,False,https://washingtondc.craigslist.org/nva/jwl/d/fairfax-sterling-silver-cuff-bracelet/7780237836.html
27,black oval pierced earrings by trifari,15,earrings,False,https://washingtondc.craigslist.org/nva/jwl/d/fairfax-black-oval-pierced-earrings-by/7782860669.html
28,gold-tone and silver dangle shell earrings,15,earrings,False,https://washingtondc.craigslist.org/nva/jwl/d/fairfax-gold-tone-and-silver-dangle/7780979282.html
29,fun flower earrings,8,earrings,False,https://washingtondc.craigslist.org/nva/jwl/d/fairfax-fun-flower-earrings/7782864283.html
30,pierced earrings - set of 3,20,earrings,False,https://washingtondc.craigslist.org/nva/jwl/d/fairfax-pierced-earrings-set-of/7782860993.html
31,"snakeskin oval hinged bracelets from florence, italy",35,other,False,https://washingtondc.craigslist.org/nva/jwl/d/fairfax-snakeskin-oval-hinged-bracelets/7782860910.html
32,sterling silver italian shell cameo necklace and earrings,175,necklace,False,https://washingtondc.craigslist.org/nva/jwl/d/fairfax-sterling-silver-italian-shell/7780978500.html
33,crystal ring holder dish,8,ring,False,https://washingtondc.craigslist.org/nva/jwl/d/fairfax-crystal-ring-holder-dish/7780977715.html
34,rolex oyster perpetual date,3000,other,False,https://washingtondc.craigslist.org/nva/jwl/d/dumfries-rolex-oyster-perpetual-date/7788767956.html
35,mickey mouse watch seiko,50,watch,False,https://washingtondc.craigslist.org/nva/jwl/d/herndon-mickey-mouse-watch-seiko/7787673325.html
36,new men's watch,360,watch,True,https://washingtondc.craigslist.org/mld/jwl/d/silver-spring-new-mens-watch/7780530881.html
37,new men's watch,360,watch,True,https://washingtondc.craigslist.org/mld/jwl/d/silver-spring-new-mens-watch/7785069820.html
38,men’s swiss watch,450,watch,True,https://washingtondc.craigslist.org/mld/jwl/d/silver-spring-mens-swiss-watch/7786896275.html
39,new men's watch,360,watch,True,https://washingtondc.craigslist.org/mld/jwl/d/silver-spring-new-mens-watch/7780487534.html
40,turquoise/amethyst color necklace,10,necklace,False,https://washingtondc.craigslist.org/nva/jwl/d/nokesville-turquoise-amethyst-color/7786817533.html
41,beautiful turquoise color & silver set,20,other,False,https://washingtondc.craigslist.org/nva/jwl/d/nokesville-beautiful-turquoise-color/7786816055.html
42,very unique afghan hound pin,25,pin,False,https://washingtondc.craigslist.org/nva/jwl/d/nokesville-very-unique-afghan-hound-pin/7787957392.html
43,beautiful sterling silver ring,15,ring,False,https://washingtondc.craigslist.org/nva/jwl/d/nokesville-beautiful-sterling-silver/7787954891.html
44,beautiful pair of cubic zirconia earrings,15,earrings,False,https://washingtondc.craigslist.org/nva/jwl/d/nokesville-beautiful-pair-of-cubic/7787954062.html
45,new - 26 assorted bead necklace,6,necklace,False,https://washingtondc.craigslist.org/mld/jwl/d/gaithersburg-new-26-assorted-bead/7788757231.html
46,rado diastar swiss made,325,other,False,https://washingtondc.craigslist.org/mld/jwl/d/bethesda-rado-diastar-swiss-made/7788754743.html
47,elgin gold plated pocket watch,50,watch,False,https://washingtondc.craigslist.org/mld/jwl/d/rockville-elgin-gold-plated-pocket-watch/7788753545.html
48,precious boxed gemstone liquidation-still a few left,0,other,False,https://washingtondc.craigslist.org/nva/jwl/d/alexandria-precious-boxed-gemstone/7788747297.html
49,"neckace w/swarovski crystals, new",15,other,False,https://washingtondc.craigslist.org/mld/jwl/d/rockville-neckace-swarovski-crystals-new/7784566393.html
50,jewelry,5,other,False,https://washingtondc.craigslist.org/mld/jwl/d/bethesda-jewelry/7780994348.html
51,fancy silver horse charm,20,other,False,https://washingtondc.craigslist.org/nva/jwl/d/springfield-fancy-silver-horse-charm/7788744544.html
52,watch jean cardot,50,watch,False,https://washingtondc.craigslist.org/nva/jwl/d/arlington-watch-jean-cardot/7786759486.html
53,"brand new silver plated pendant necklace - 32"" long",10,pendant,False,https://washingtondc.craigslist.org/mld/jwl/d/gaithersburg-brand-new-silver-plated/7788739601.html
54,"new three strand necklace 32"" long -",9,necklace,False,https://washingtondc.craigslist.org/mld/jwl/d/gaithersburg-new-three-strand-necklace/7788739448.html
55,"new gold plated two strand necklace 32"" long",10,necklace,False,https://washingtondc.craigslist.org/mld/jwl/d/gaithersburg-new-gold-plated-two-strand/7788739316.html
56,"new - gold plated necklace 38"" long",9,necklace,False,https://washingtondc.craigslist.org/mld/jwl/d/gaithersburg-new-gold-plated-necklace/7788739195.html
57,maple jewelry box from bombay company,40,other,False,https://washingtondc.craigslist.org/doc/jwl/d/gaithersburg-maple-jewelry-box-from/7784645139.html
58,jewelry or watch box with 24 slots,45,watch,False,https://washingtondc.craigslist.org/doc/jwl/d/gaithersburg-jewelry-or-watch-box-with/7784645129.html
59,jewelry box,10,other,False,https://washingtondc.craigslist.org/nva/jwl/d/fairfax-jewelry-box/7781021397.html
60,estate sale women's watch collection,175,watch,True,https://washingtondc.craigslist.org/nva/jwl/d/falls-church-estate-sale-womens-watch/7780255578.html
61,watch -beautiful dooney & bourke/leather strap - brand new battery!,50,watch,False,https://washingtondc.craigslist.org/mld/jwl/d/bethesda-watch-beautiful-dooney-bourke/7782858115.html
62,new in box speidel men’s watch,30,watch,True,https://washingtondc.craigslist.org/nva/jwl/d/reston-new-in-box-speidel-mens-watch/7784780438.html
63,oakley gmt stainless white face watch wristwatch time piece,600,watch,False,https://washingtondc.craigslist.org/nva/jwl/d/manassas-oakley-gmt-stainless-white/7780530307.html
64,oakley black stealth stainless wrist watch gmt wristwatch time piece,600,watch,False,https://washingtondc.craigslist.org/nva/jwl/d/manassas-oakley-black-stealth-stainless/7780530169.html
65,vintage jewelry set,0,other,False,https://washingtondc.craigslist.org/nva/jwl/d/falls-church-vintage-jewelry-set/7780207018.html
66,custom made opal necklace in platinum,0,necklace,False,https://washingtondc.craigslist.org/nva/jwl/d/falls-church-custom-made-opal-necklace/7783419951.html
67,jewelry making stuff,0,other,False,https://washingtondc.craigslist.org/nva/jwl/d/falls-church-jewelry-making-stuff/7786083157.html
68,14k white gold men's wedding band- newly purchased,1200,other,True,https://washingtondc.craigslist.org/nva/jwl/d/culpeper-14k-white-gold-mens-wedding/7780945023.html
69,men’s swiss watch,420,watch,True,https://washingtondc.craigslist.org/mld/jwl/d/rockville-mens-swiss-watch/7787473334.html
70,mens watch,360,watch,True,https://washingtondc.craigslist.org/mld/jwl/d/rockville-mens-watch/7787475057.html
71,new men's watch,360,watch,True,https://washingtondc.craigslist.org/mld/jwl/d/silver-spring-new-mens-watch/7782443243.html
72,new men's watch,360,watch,True,https://washingtondc.craigslist.org/mld/jwl/d/silver-spring-new-mens-watch/7780487369.html
73,men’s new watch,360,watch,True,https://washingtondc.craigslist.org/mld/jwl/d/silver-spring-mens-new-watch/7780529092.html
74,men's swiss watch,360,watch,True,https://washingtondc.craigslist.org/mld/jwl/d/rockville-mens-swiss-watch/7781737195.html
75,men’s swiss watch,360,watch,True,https://washingtondc.craigslist.org/mld/jwl/d/silver-spring-mens-swiss-watch/7779973491.html
76,new men's watch,360,watch,True,https://washingtondc.craigslist.org/mld/jwl/d/silver-spring-new-mens-watch/7780487273.html
77,mens watch,360,watch,True,https://washingtondc.craigslist.org/mld/jwl/d/rockville-mens-watch/7786811241.html
78,men's swiss watch (skeleton),460,watch,True,https://washingtondc.craigslist.org/mld/jwl/d/rockville-mens-swiss-watch-skeleton/7780967873.html
79,men’s swiss watch,360,watch,True,https://washingtondc.craigslist.org/mld/jwl/d/silver-spring-mens-swiss-watch/7783661920.html
80,jewelry box,20,other,False,https://washingtondc.craigslist.org/mld/jwl/d/silver-spring-jewelry-box/7783069470.html
81,rolex 6917 18k/ss with diamond,3795,other,False,https://washingtondc.craigslist.org/mld/jwl/d/potomac-rolex-ss-with-diamond/7788679362.html
82,fitbit sense watch bands,10,watch,False,https://washingtondc.craigslist.org/nva/jwl/d/herndon-fitbit-sense-watch-bands/7786402985.html
83,misc. vintage jewlry,0,other,False,https://washingtondc.craigslist.org/nva/jwl/d/falls-church-misc-vintage-jewlry/7783082643.html
84,new zudo ayatul kursi necklace,25,necklace,False,https://washingtondc.craigslist.org/nva/jwl/d/falls-church-new-zudo-ayatul-kursi/7785769211.html
85,brand new crystal pendant necklace,10,pendant,False,https://washingtondc.craigslist.org/mld/jwl/d/gaithersburg-brand-new-crystal-pendant/7784809943.html
86,brand new watch-pandora genuine leather wristwatch,90,other,False,https://washingtondc.craigslist.org/mld/jwl/d/montgomery-village-brand-new-watch/7780998547.html
87,14k diamond ring and band / rings,300,ring,False,https://washingtondc.craigslist.org/mld/jwl/d/gaithersburg-14k-diamond-ring-and-band/7787178081.html
88,whiteflash a cut above ags 2.73ct vvs h diamond engagement ring gia,46999,ring,True,https://washingtondc.craigslist.org/nva/jwl/d/fairfax-whiteflash-cut-above-ags-273ct/7788624901.html
89,his/hers or his/his engagement ring,300,ring,True,https://washingtondc.craigslist.org/doc/jwl/d/washington-his-hers-or-his-his/7781830781.html
90,"@ neckless, bracelet, earrings @",9,earrings,False,https://washingtondc.craigslist.org/nva/jwl/d/neckless-bracelet-earrings/7788610465.html
91,"ring, vintage tigers eye and silver",140,other,False,https://washingtondc.craigslist.org/mld/jwl/d/silver-spring-ring-vintage-tigers-eye/7784662262.html
92,new-bee kind-you are my sunshine necklace,10,necklace,False,https://washingtondc.craigslist.org/nva/jwl/d/gainesville-new-bee-kind-you-are-my/7784281185.html
93,fun flower earrings,8,earrings,False,https://washingtondc.craigslist.org/nva/jwl/d/fairfax-fun-flower-earrings/7788599677.html
94,thin silver-tone necklace & matching bracelet,15,necklace,False,https://washingtondc.craigslist.org/nva/jwl/d/fairfax-thin-silver-tone-necklace/7788599503.html
95,new! rare! safi kilima necklace + tanzanite pendant,0,necklace,False,https://washingtondc.craigslist.org/mld/jwl/d/gaithersburg-new-rare-safi-kilima/7782725839.html
96,men’s fossil twist arkitekt automatic black wrist watch,100,watch,True,https://washingtondc.craigslist.org/mld/jwl/d/manassas-mens-fossil-twist-arkitekt/7784021333.html
97,garnet silver pendant,45,pendant,False,https://washingtondc.craigslist.org/nva/jwl/d/herndon-garnet-silver-pendant/7782915233.html
98,sonic the hedgehog x king ice - dark chao necklace,125,necklace,False,https://washingtondc.craigslist.org/nva/jwl/d/reston-sonic-the-hedgehog-king-ice-dark/7784158221.html
99,custom gorgeous vintage 18k gold seven white australian opal diamond  ring,2000,ring,False,https://washingtondc.craigslist.org/nva/jwl/d/alexandria-custom-gorgeous-vintage-18k/7788557190.html
100,vintage 14k ring setting,300,ring,False,https://washingtondc.craigslist.org/nva/jwl/d/alexandria-vintage-14k-ring-setting/7788556721.html
101,18k gold anklet,300,other,False,https://washingtondc.craigslist.org/nva/jwl/d/alexandria-18k-gold-anklet/7788556429.html
102,pair of 14k gold hoop earrings,600,earrings,False,https://washingtondc.craigslist.org/nva/jwl/d/alexandria-pair-of-14k-gold-hoop/7788554547.html
103,2003 tag heuer autavia automatic chronograph men's watch,4000,watch,True,https://washingtondc.craigslist.org/nva/jwl/d/alexandria-2003-tag-heuer-autavia/7788553145.html
104,custom stunning 14k gold ring white australian white opal w 4 diamonds 6 rubies,5000,ring,False,https://washingtondc.craigslist.org/nva/jwl/d/alexandria-custom-stunning-14k-gold/7788522329.html
105,14k gold necklace with single diamond pendant,250,necklace,False,https://washingtondc.craigslist.org/nva/jwl/d/alexandria-14k-gold-necklace-with/7788521940.html
106,"lovely 14k gold necklace with pearls, heart pendant",300,necklace,False,https://washingtondc.craigslist.org/nva/jwl/d/alexandria-lovely-14k-gold-necklace/7788521674.html
107,rolex daydate 40mm 18k white gold recent model,40000,other,False,https://washingtondc.craigslist.org/nva/jwl/d/alexandria-rolex-daydate-40mm-18k-white/7788521223.html
108,custom sterling silver peacock ring with treated rainbow aura kyanite,1000,ring,False,https://washingtondc.craigslist.org/nva/jwl/d/alexandria-custom-sterling-silver/7788519805.html
109,14k yellow gold bangle,400,other,False,https://washingtondc.craigslist.org/nva/jwl/d/alexandria-14k-yellow-gold-bangle/7788519461.html
110,"for sale: 2 beautiful, automatic sweep swiss movement stunning watches",100,other,True,https://washingtondc.craigslist.org/doc/jwl/d/rockville-for-sale-beautiful-automatic/7788511534.html
111,candle holder set of 2,20,other,False,https://washingtondc.craigslist.org/mld/jwl/d/silver-spring-candle-holder-set-of/7788486207.html
112,men’s swiss watch,360,watch,True,https://washingtondc.craigslist.org/mld/jwl/d/silver-spring-mens-swiss-watch/7780947431.html
113,18k gold necklace (17.37 grams),3000,necklace,False,https://washingtondc.craigslist.org/nva/jwl/d/alexandria-18k-gold-necklace-1737-grams/7788484108.html
114,new men's watch,360,watch,True,https://washingtondc.craigslist.org/mld/jwl/d/silver-spring-new-mens-watch/7782326495.html
115,new men's watch,360,watch,True,https://washingtondc.craigslist.org/mld/jwl/d/silver-spring-new-mens-watch/7780908409.html
116,jewelry box,20,other,False,https://washingtondc.craigslist.org/mld/jwl/d/silver-spring-jewelry-box/7783471803.html
117,new watch,360,watch,False,https://washingtondc.craigslist.org/mld/jwl/d/silver-spring-new-watch/7780911616.html
118,men’s swiss watch,460,watch,True,https://washingtondc.craigslist.org/mld/jwl/d/silver-spring-mens-swiss-watch/7785455952.html
119,new men's watch,360,watch,True,https://washingtondc.craigslist.org/mld/jwl/d/silver-spring-new-mens-watch/7782326749.html
120,new men's watch,360,watch,True,https://washingtondc.craigslist.org/mld/jwl/d/silver-spring-new-mens-watch/7780908771.html
121,men’s swiss watch,460,watch,True,https://washingtondc.craigslist.org/mld/jwl/d/silver-spring-mens-swiss-watch/7780964202.html
122,new men's watch,360,watch,True,https://washingtondc.craigslist.org/mld/jwl/d/silver-spring-new-mens-watch/7782330269.html
123,custom beautiful platinum necklace australian black opal and diamond,3000,necklace,False,https://washingtondc.craigslist.org/nva/jwl/d/alexandria-custom-beautiful-platinum/7788478985.html
124,custom carved 14k yellow gold jade drop earrings,300,earrings,False,https://washingtondc.craigslist.org/nva/jwl/d/alexandria-custom-carved-14k-yellow/7788478373.html
125,men’s swiss watch,450,watch,True,https://washingtondc.craigslist.org/mld/jwl/d/silver-spring-mens-swiss-watch/7786058068.html
126,men's swiss watch (skeleton),460,watch,True,https://washingtondc.craigslist.org/mld/jwl/d/rockville-mens-swiss-watch-skeleton/7780729071.html
127,omega de ville watch,400,watch,False,https://washingtondc.craigslist.org/nva/jwl/d/vienna-omega-de-ville-watch/7783184562.html
128,vintage signed navaho sterling pendant,50,pendant,False,https://washingtondc.craigslist.org/mld/jwl/d/rockville-vintage-signed-navaho/7784307309.html
129,"vtg ""925 italy"" - cubic zirconia/ sterling silver pendant necklace 19""",20,pendant,False,https://washingtondc.craigslist.org/mld/jwl/d/silver-spring-vtg-925-italy-cubic/7780935342.html
130,diamond accent sterling silver bracelet,75,bracelet,False,https://washingtondc.craigslist.org/nva/jwl/d/manassas-diamond-accent-sterling-silver/7782005113.html
131,fossil men's watch model bq2196,49,watch,True,https://washingtondc.craigslist.org/nva/jwl/d/falls-church-fossil-mens-watch-model/7780835308.html
132,bracelet set,12,bracelet,False,https://washingtondc.craigslist.org/doc/jwl/d/washington-bracelet-set/7784972226.html
133,sterling silver pendants,20,other,False,https://washingtondc.craigslist.org/doc/jwl/d/washington-sterling-silver-pendants/7784976742.html
134,felt cat key chains,3,other,False,https://washingtondc.craigslist.org/doc/jwl/d/washington-felt-cat-key-chains/7784975354.html
135,sterling silver earrings,15,earrings,False,https://washingtondc.craigslist.org/doc/jwl/d/washington-sterling-silver-earrings/7784840218.html
136,black earrings,12,earrings,False,https://washingtondc.craigslist.org/doc/jwl/d/washington-black-earrings/7784840519.html
137,variety of fashion earrings,8,earrings,False,https://washingtondc.craigslist.org/doc/jwl/d/washington-variety-of-fashion-earrings/7784971979.html
138,beautiful wood jewelry box,30,other,False,https://washingtondc.craigslist.org/doc/jwl/d/washington-beautiful-wood-jewelry-box/7786270914.html
139,earrings,15,earrings,False,https://washingtondc.craigslist.org/doc/jwl/d/washington-earrings/7785409617.html
140,variety of earrings,10,earrings,False,https://washingtondc.craigslist.org/doc/jwl/d/washington-variety-of-earrings/7785409404.html
141,earrings bracelet set,20,earrings,False,https://washingtondc.craigslist.org/doc/jwl/d/washington-earrings-bracelet-set/7785018330.html
142,set of rings,10,other,False,https://washingtondc.craigslist.org/doc/jwl/d/washington-set-of-rings/7785017742.html
143,trio of bracelets,15,other,False,https://washingtondc.craigslist.org/doc/jwl/d/washington-trio-of-bracelets/7785405404.html
144,bracelet set,15,bracelet,False,https://washingtondc.craigslist.org/doc/jwl/d/washington-bracelet-set/7785042224.html
145,variety of necklaces,10,other,False,https://washingtondc.craigslist.org/doc/jwl/d/washington-variety-of-necklaces/7785041626.html
146,bracelets,10,other,False,https://washingtondc.craigslist.org/doc/jwl/d/washington-bracelets/7785041910.html
147,beautiful two white opal 14k yellow gold ring size 6,3000,ring,False,https://washingtondc.craigslist.org/nva/jwl/d/alexandria-beautiful-two-white-opal-14k/7788450987.html
148,14k white gold earrings with black opals and diamonds,3000,earrings,False,https://washingtondc.craigslist.org/nva/jwl/d/alexandria-14k-white-gold-earrings-with/7788450798.html
149,men’s bulova stainless steel wrist watch,150,watch,True,https://washingtondc.craigslist.org/nva/jwl/d/alexandria-mens-bulova-stainless-steel/7788450744.html
150,elk horn knife handle,10,other,False,https://washingtondc.craigslist.org/nva/jwl/d/annandale-elk-horn-knife-handle/7786462108.html
151,vintage avon collection,120,other,False,https://washingtondc.craigslist.org/mld/jwl/d/silver-spring-vintage-avon-collection/7786095804.html
152,"brand new - pendant necklace on 18"" gold plated chain",10,pendant,False,https://washingtondc.craigslist.org/mld/jwl/d/gaithersburg-brand-new-pendant-necklace/7788437787.html
153,omega sea master,595,other,False,https://washingtondc.craigslist.org/mld/jwl/d/dunkirk-omega-sea-master/7788428890.html
154,raymond weil maestro 2737-stc-30011,895,other,False,https://washingtondc.craigslist.org/mld/jwl/d/dunkirk-raymond-weil-maestro-2737-stc/7788427824.html
155,looney tunes taz armitron 1996 acme taz tasmanian devil pocket watch,49,watch,False,https://washingtondc.craigslist.org/mld/jwl/d/dunkirk-looney-tunes-taz-armitron-1996/7788425573.html
156,fine jewelry diamonds and rubies,2000,other,False,https://washingtondc.craigslist.org/nva/jwl/d/woodbridge-fine-jewelry-diamonds-and/7780573461.html
157,fossil gene autry collectors watch,75,watch,False,https://washingtondc.craigslist.org/mld/jwl/d/dunkirk-fossil-gene-autry-collectors/7788422431.html
158,antique gruen 17 jewel pocket watch,195,watch,False,https://washingtondc.craigslist.org/mld/jwl/d/dunkirk-antique-gruen-17-jewel-pocket/7788421785.html
159,1928 14k gold filled waltham 17 jewel pocket watch,295,watch,False,https://washingtondc.craigslist.org/mld/jwl/d/dunkirk-gold-filled-waltham-17-jewel/7788421354.html
160,new watch,360,watch,False,https://washingtondc.craigslist.org/mld/jwl/d/silver-spring-new-watch/7780815132.html
161,men’s new watch,360,watch,True,https://washingtondc.craigslist.org/mld/jwl/d/silver-spring-mens-new-watch/7785308806.html
162,new men's watch,360,watch,True,https://washingtondc.craigslist.org/mld/jwl/d/silver-spring-new-mens-watch/7780722882.html
163,wrist watches,20,other,False,https://washingtondc.craigslist.org/nva/jwl/d/arlington-wrist-watches/7780224051.html
164,gucci wrist watch,100,watch,False,https://washingtondc.craigslist.org/nva/jwl/d/arlington-gucci-wrist-watch/7784042688.html
165,new/never worn 'c wonder' women's rose gold tone  metal watch,15,watch,True,https://washingtondc.craigslist.org/nva/jwl/d/arlington-new-never-worn-wonder-womens/7781322279.html
166,fun earrings,20,earrings,False,https://washingtondc.craigslist.org/nva/jwl/d/arlington-fun-earrings/7788401935.html
167,labradorite ring,50,ring,False,https://washingtondc.craigslist.org/nva/jwl/d/fairfax-station-labradorite-ring/7785425371.html
168,anna greta eker sterling ring norway,200,ring,False,https://washingtondc.craigslist.org/mld/jwl/d/riverdale-anna-greta-eker-sterling-ring/7785456065.html
169,ann hand u.s. great seal brooch crystals,45,other,False,https://washingtondc.craigslist.org/mld/jwl/d/riverdale-ann-hand-us-great-seal-brooch/7786894363.html
170,centipede brooch winard gold filled,35,other,False,https://washingtondc.craigslist.org/mld/jwl/d/hyattsville-centipede-brooch-winard/7787779109.html
171,"omega and swatch collaboration ""moonwatch"" collection watches",350,other,False,https://washingtondc.craigslist.org/nva/jwl/d/ashburn-omega-and-swatch-collaboration/7781343757.html
172,"vintage frosted acrylic necklace & earrings display 4 1/2"" tall",20,necklace,False,https://washingtondc.craigslist.org/mld/jwl/d/silver-spring-vintage-frosted-acrylic/7785451150.html
173,still 4 nice boxed precious gemstones left for sale- make jewelery!,0,other,False,https://washingtondc.craigslist.org/nva/jwl/d/alexandria-still-nice-boxed-precious/7784359794.html
174,"vintage frosted acrylic necklace display 5 3/4"" tall",15,necklace,False,https://washingtondc.craigslist.org/mld/jwl/d/silver-spring-vintage-frosted-acrylic/7785448824.html
175,2 silver ladies rings....,15,other,False,https://washingtondc.craigslist.org/nva/jwl/d/reston-silver-ladies-rings/7786933979.html
176,mens watch,360,watch,True,https://washingtondc.craigslist.org/mld/jwl/d/rockville-mens-watch/7788348337.html
177,"apple watch series 5, 44mm case",150,watch,False,https://washingtondc.craigslist.org/nva/jwl/d/herndon-apple-watch-series-44mm-case/7788347272.html
178,open belt ring,225,ring,False,https://washingtondc.craigslist.org/mld/jwl/d/washington-open-belt-ring/7786192315.html
179,wide cuff ring,225,ring,False,https://washingtondc.craigslist.org/mld/jwl/d/washington-wide-cuff-ring/7786189043.html
180,unique cocktail ring,400,ring,False,https://washingtondc.craigslist.org/mld/jwl/d/washington-unique-cocktail-ring/7786186969.html
181,gold 3 barrell custom ring,200,ring,False,https://washingtondc.craigslist.org/mld/jwl/d/washington-gold-barrell-custom-ring/7786184022.html
182,jewelry (bracelet/watch) display stands,30,other,False,https://washingtondc.craigslist.org/mld/jwl/d/washington-jewelry-bracelet-watch/7785901740.html
183,jewelry (necklace) displays,20,other,False,https://washingtondc.craigslist.org/mld/jwl/d/washington-jewelry-necklace-displays/7785899295.html
184,men’s swiss watch,360,watch,True,https://washingtondc.craigslist.org/mld/jwl/d/silver-spring-mens-swiss-watch/7785870267.html
185,new men's watch,360,watch,True,https://washingtondc.craigslist.org/mld/jwl/d/silver-spring-new-mens-watch/7783319061.html
186,studio underd0g watermel0n watch,900,watch,False,https://washingtondc.craigslist.org/nva/jwl/d/vienna-studio-underd0g-watermel0n-watch/7786810492.html
187,"special mint set ""sms"" 1967 quarter",4400,other,False,https://washingtondc.craigslist.org/doc/jwl/d/west-palm-beach-special-mint-set-sms/7785953403.html
188,brand new 3 different brooches/pins....,4,other,False,https://washingtondc.craigslist.org/nva/jwl/d/herndon-brand-new-different-brooches/7788281057.html
189,turquoise dangle earrings,10,earrings,False,https://washingtondc.craigslist.org/nva/jwl/d/vienna-turquoise-dangle-earrings/7779613938.html
190,gold star dangle earrings 14/20 gf,50,earrings,False,https://washingtondc.craigslist.org/nva/jwl/d/vienna-gold-star-dangle-earrings-gf/7779613973.html
191,sterling silver unicorn pendant with crystal,15,pendant,False,https://washingtondc.craigslist.org/nva/jwl/d/vienna-sterling-silver-unicorn-pendant/7779612695.html
192,figure skate charm,5,other,False,https://washingtondc.craigslist.org/nva/jwl/d/vienna-figure-skate-charm/7779843212.html
193,1/20 14k gold pendent/charm virgin mary,15,other,False,https://washingtondc.craigslist.org/nva/jwl/d/vienna-gold-pendent-charm-virgin-mary/7779629148.html
194,crystal pendant with ruby.,10,pendant,False,https://washingtondc.craigslist.org/nva/jwl/d/vienna-crystal-pendant-with-ruby/7779738207.html
195,sterling silver volleyball pendant/charm,10,other,False,https://washingtondc.craigslist.org/nva/jwl/d/vienna-sterling-silver-volleyball/7779738320.html
196,sterling silver basketball pendant/charm,10,other,False,https://washingtondc.craigslist.org/nva/jwl/d/vienna-sterling-silver-basketball/7779739725.html
197,sterling silver hawaiian initial necklace,30,necklace,False,https://washingtondc.craigslist.org/nva/jwl/d/vienna-sterling-silver-hawaiian-initial/7779739229.html
198,silver earings,10,other,False,https://washingtondc.craigslist.org/nva/jwl/d/vienna-silver-earings/7779739392.html
199,silver stretch ring with crystal,15,ring,False,https://washingtondc.craigslist.org/nva/jwl/d/vienna-silver-stretch-ring-with-crystal/7779638675.html
200,silver necklace with m pendant,15,necklace,False,https://washingtondc.craigslist.org/nva/jwl/d/vienna-silver-necklace-with-pendant/7779638334.html
201,vintage sterling silver brooch or pendant,20,pendant,False,https://washingtondc.craigslist.org/nva/jwl/d/vienna-vintage-sterling-silver-brooch/7779617243.html
202,cufflinks,20,other,False,https://washingtondc.craigslist.org/nva/jwl/d/vienna-cufflinks/7779629342.html
203,silver bracelet with hearts,30,bracelet,False,https://washingtondc.craigslist.org/nva/jwl/d/vienna-silver-bracelet-with-hearts/7779617151.html
204,handmade brooch or lapel pin,20,pin,False,https://washingtondc.craigslist.org/nva/jwl/d/vienna-handmade-brooch-or-lapel-pin/7779628923.html
205,rosary necklace,20,necklace,False,https://washingtondc.craigslist.org/nva/jwl/d/vienna-rosary-necklace/7779614068.html
206,sterling silver heart pendant/charm virgin mary,10,other,False,https://washingtondc.craigslist.org/nva/jwl/d/vienna-sterling-silver-heart-pendant/7779614170.html
207,sterling silver pendant/charm virgin mary,10,other,False,https://washingtondc.craigslist.org/nva/jwl/d/vienna-sterling-silver-pendant-charm/7779741296.html
208,brand new multi-functional smart watch for men & women....,50,watch,True,https://washingtondc.craigslist.org/nva/jwl/d/reston-brand-new-multi-functional-smart/7787221082.html
209,vintage toshikane green dragon cuff links,65,other,False,https://washingtondc.craigslist.org/nva/jwl/d/falls-church-vintage-toshikane-green/7787531976.html
210,gold tone chain and ball necklace 18”,10,chain,False,https://washingtondc.craigslist.org/nva/jwl/d/falls-church-gold-tone-chain-and-ball/7781050431.html
211,"bracelets for women, beaded bracelets, silver bracelets for women & go",5,other,True,https://washingtondc.craigslist.org/mld/jwl/d/glen-echo-bracelets-for-women-beaded/7788261771.html
212,bloomingdale's sets....,15,other,False,https://washingtondc.craigslist.org/nva/jwl/d/reston-bloomingdales-sets/7786889553.html
213,unique blown blue thick oval shape bubble locket....,10,other,False,https://washingtondc.craigslist.org/nva/jwl/d/reston-unique-blown-blue-thick-oval/7786519260.html
214,le vian 14k gold rhodolite garnet chocolate diamonds ring size 6,750,ring,False,https://washingtondc.craigslist.org/nva/jwl/d/warrenton-le-vian-14k-gold-rhodolite/7788251712.html
215,dangle seashell earrings,0,earrings,False,https://washingtondc.craigslist.org/nva/jwl/d/alexandria-dangle-seashell-earrings/7788194082.html
216,brand new necklace and earring 2-pc set,10,necklace,False,https://washingtondc.craigslist.org/mld/jwl/d/gaithersburg-brand-new-necklace-and/7788164659.html
217,ladies/womens vintage high-quality wittnauer trieste swiss gold watch,60,watch,True,https://washingtondc.craigslist.org/mld/jwl/d/hillsboro-ladies-womens-vintage-high/7788141764.html
218,100 pieces of jewelry,200,other,False,https://washingtondc.craigslist.org/doc/jwl/d/washington-100-pieces-of-jewelry/7779669750.html
219,50+ watches [one watch may we worth that?],150,watch,False,https://washingtondc.craigslist.org/doc/jwl/d/washington-50-watches-one-watch-may-we/7779653726.html
220,vintage cuff links and tie clip by snake,20,other,False,https://washingtondc.craigslist.org/nva/jwl/d/falls-church-vintage-cuff-links-and-tie/7788137265.html
221,pristine silver cobra ring,15,ring,False,https://washingtondc.craigslist.org/nva/jwl/d/springfield-pristine-silver-cobra-ring/7788136491.html
222,batman & robin fossil watch no.3,95,watch,False,https://washingtondc.craigslist.org/mld/jwl/d/dunkirk-batman-robin-fossil-watch-no3/7788129953.html
223,movado womens watch zenith movement,75,watch,True,https://washingtondc.craigslist.org/mld/jwl/d/dunkirk-movado-womens-watch-zenith/7782251310.html
224,fossil joker watch from 1989,50,watch,False,https://washingtondc.craigslist.org/mld/jwl/d/dunkirk-fossil-joker-watch-from-1989/7788129941.html
225,mini mouse watch by fossil,55,watch,False,https://washingtondc.craigslist.org/mld/jwl/d/dunkirk-mini-mouse-watch-by-fossil/7782251333.html
226,rotary elite reverso dual dial swiss watch,495,watch,False,https://washingtondc.craigslist.org/mld/jwl/d/dunkirk-rotary-elite-reverso-dual-dial/7782251298.html
227,bulova accutron tuning fork mens watch 1970,195,watch,True,https://washingtondc.craigslist.org/mld/jwl/d/oxon-hill-bulova-accutron-tuning-fork/7788129919.html
228,movado kingmatic surf  sub-sea,395,other,False,https://washingtondc.craigslist.org/mld/jwl/d/dunkirk-movado-kingmatic-surf-sub-sea/7782251347.html
229,fossil roy rogers limited edition watch,75,watch,False,https://washingtondc.craigslist.org/mld/jwl/d/dunkirk-fossil-roy-rogers-limited/7788129904.html
230,timex q watch 1979 resissue (new),175,watch,False,https://washingtondc.craigslist.org/mld/jwl/d/dunkirk-timex-watch-1979-resissue-new/7782817841.html
231,mini mouse watch by fossil,55,watch,False,https://washingtondc.craigslist.org/mld/jwl/d/dunkirk-mini-mouse-watch-by-fossil/7782817970.html
232,"pocket watches , franklin, knightone,  commemorative  us comerative",10,other,False,https://washingtondc.craigslist.org/mld/jwl/d/dunkirk-pocket-watches-franklin/7782818032.html
233,franklin mint pocket watches (the alaska bald eagle reserve),55,other,False,https://washingtondc.craigslist.org/mld/jwl/d/dunkirk-franklin-mint-pocket-watches/7782819468.html
234,invicta 5757 reserve sandstone lupah,295,other,False,https://washingtondc.craigslist.org/mld/jwl/d/dunkirk-invicta-5757-reserve-sandstone/7782819629.html
235,"several watches 1955-1970 omega, vulcan, etc",0,other,False,https://washingtondc.craigslist.org/mld/jwl/d/dunkirk-several-watches-omega-vulcan-etc/7783210417.html
236,20” cuban link chain solid .925 silver 2.2mm,50,chain,False,https://washingtondc.craigslist.org/nva/jwl/d/chantilly-20-cuban-link-chain-solid-925/7788109552.html
237,925 sterling silver pendant with chain in the form of a flower khari bulbul,39,pendant,False,https://washingtondc.craigslist.org/nva/jwl/d/springfield-925-sterling-silver-pendant/7788100906.html
238,marathon chronograpgh pilot watch - swiss made,2500,watch,False,https://washingtondc.craigslist.org/nva/jwl/d/gainesville-marathon-chronograpgh-pilot/7781607076.html
239,apple watch ultra - titanium band by nomad,150,watch,False,https://washingtondc.craigslist.org/doc/jwl/d/washington-apple-watch-ultra-titanium/7788088479.html
240,brand new silver band men’s tourneau watch with picture,300,watch,True,https://washingtondc.craigslist.org/mld/jwl/d/montgomery-village-brand-new-silver/7781583578.html
241,brand new black display face men’s tourneau watch with picture,300,watch,True,https://washingtondc.craigslist.org/mld/jwl/d/montgomery-village-brand-new-black/7781583742.html
242,925 watch missing caseback,40,watch,False,https://washingtondc.craigslist.org/nva/jwl/d/springfield-925-watch-missing-caseback/7780276255.html
243,sterling silver watch new dead battery,80,watch,False,https://washingtondc.craigslist.org/nva/jwl/d/springfield-sterling-silver-watch-new/7780277067.html
244,jewelry organizer,10,other,False,https://washingtondc.craigslist.org/nva/jwl/d/vienna-jewelry-organizer/7779846640.html
245,men watch,350,watch,True,https://washingtondc.craigslist.org/mld/jwl/d/washington-men-watch/7782583259.html
246,vintage zenith watch,600,watch,False,https://washingtondc.craigslist.org/mld/jwl/d/rockville-vintage-zenith-watch/7784436556.html
247,small bag of wood brown beads,20,other,False,https://washingtondc.craigslist.org/nva/jwl/d/centreville-small-bag-of-wood-brown/7779940031.html
248,vintage gold leaf containing venetian glass bead necklace,125,necklace,False,https://washingtondc.craigslist.org/mld/jwl/d/potomac-vintage-gold-leaf-containing/7781822643.html
249,set includes pearl necklace plus 5 pairs of pearl stud earrings,150,necklace,False,https://washingtondc.craigslist.org/mld/jwl/d/potomac-set-includes-pearl-necklace/7781815139.html
250,heavy sterling silver baroque pearl necklace and rainbow agate fish,300,necklace,False,https://washingtondc.craigslist.org/mld/jwl/d/potomac-heavy-sterling-silver-baroque/7779175506.html
251,extremely unique vintage revolving star of david/chai pendant,200,pendant,False,https://washingtondc.craigslist.org/mld/jwl/d/potomac-extremely-unique-vintage/7783341538.html
252,vintage hand painted russian wood pin,45,pin,False,https://washingtondc.craigslist.org/mld/jwl/d/potomac-vintage-hand-painted-russian/7783340350.html
253,7.5ct pave black diamond bracelet,800,bracelet,False,https://washingtondc.craigslist.org/mld/jwl/d/potomac-75ct-pave-black-diamond-bracelet/7783338254.html
254,eye catching dazzling center of attention ruby cocktail ring,400,ring,False,https://washingtondc.craigslist.org/mld/jwl/d/potomac-eye-catching-dazzling-center-of/7783337664.html
255,multi-colored hand carved jade scarab pin,36,pin,False,https://washingtondc.craigslist.org/mld/jwl/d/rockville-multi-colored-hand-carved/7785029806.html
256,unique colorful wood beads feast,30,other,False,https://washingtondc.craigslist.org/nva/jwl/d/centreville-unique-colorful-wood-beads/7779939526.html
257,handcrafted jewelry,25,other,False,https://washingtondc.craigslist.org/doc/jwl/d/washington-handcrafted-jewelry/7779637887.html
258,omega seamaster planet ocean 600m,9500,other,False,https://washingtondc.craigslist.org/nva/jwl/d/great-falls-omega-seamaster-planet/7786273663.html
259,new men's watch,360,watch,True,https://washingtondc.craigslist.org/mld/jwl/d/silver-spring-new-mens-watch/7779642856.html
260,rare gold j a. meyers and company jewelry,10,other,False,https://washingtondc.craigslist.org/doc/jwl/d/washington-rare-gold-a-meyers-and/7779105611.html
261,meistersinger watch,590,watch,False,https://washingtondc.craigslist.org/nva/jwl/d/vienna-meistersinger-watch/7784134235.html
262,minerva vintage watch,550,watch,False,https://washingtondc.craigslist.org/mld/jwl/d/rockville-minerva-vintage-watch/7787867787.html
263,new 160 assorted bead necklace,25,necklace,False,https://washingtondc.craigslist.org/mld/jwl/d/gaithersburg-new-160-assorted-bead/7787858764.html
264,"new gold plated 7"" mens bracelet",6,bracelet,True,https://washingtondc.craigslist.org/mld/jwl/d/gaithersburg-new-gold-plated-mens/7787854103.html
265,"brand new 5- strand necklace  22"" long",10,necklace,False,https://washingtondc.craigslist.org/mld/jwl/d/gaithersburg-brand-new-strand-necklace/7787852025.html
266,"brand new 4 -strand pendant necklace - 22"" long",10,pendant,False,https://washingtondc.craigslist.org/mld/jwl/d/gaithersburg-brand-new-strand-pendant/7787851912.html
267,"brand new 5- strand necklace - 22"" long",10,necklace,False,https://washingtondc.craigslist.org/mld/jwl/d/gaithersburg-brand-new-strand-necklace/7787851710.html
268,"brand new gold plated three strand necklace 36"" long",10,necklace,False,https://washingtondc.craigslist.org/mld/jwl/d/gaithersburg-brand-new-gold-plated/7787851621.html
269,bell and ross grande date watch,2500,watch,False,https://washingtondc.craigslist.org/nva/jwl/d/alexandria-bell-and-ross-grande-date/7787840124.html
270,14k golden necklace,65,necklace,False,https://washingtondc.craigslist.org/nva/jwl/d/springfield-14k-golden-necklace/7787840094.html
271,seiko 7n42-8089 in great cond with new batt keeps great time will ship,50,other,False,https://washingtondc.craigslist.org/mld/jwl/d/ashton-seiko-7n-in-great-cond-with-new/7785788420.html
272,citizen 5930-s10981 elegance gold tone; gorgeous; new batt will ship!!,40,other,False,https://washingtondc.craigslist.org/mld/jwl/d/ashton-citizen-5930-s10981-elegance/7785790024.html
273,vtg seiko women’s 26mm quartz watch 1n00-0a29 gold tone  will ship!!,40,watch,True,https://washingtondc.craigslist.org/mld/jwl/d/ashton-vtg-seiko-womens-26mm-quartz/7785791843.html
274,vtg seiko 3y03-0160 [a4] watch gold tone day date runs great will ship,25,watch,False,https://washingtondc.craigslist.org/mld/jwl/d/olney-vtg-seiko-3y-a4-watch-gold-tone/7785792872.html
275,gold annodized stainless steel 2 foot long necklace,200,necklace,False,https://washingtondc.craigslist.org/mld/jwl/d/derwood-gold-annodized-stainless-steel/7784372531.html
276,100% gold plated cuban link chain 2 feet long 950 grams heavy well made fake bli,140,chain,False,https://washingtondc.craigslist.org/mld/jwl/d/derwood-100-gold-plated-cuban-link/7778980419.html
277,"iso folks in the market for ""clip-on"" earrings!",1,other,False,https://washingtondc.craigslist.org/mld/jwl/d/silver-spring-iso-folks-in-the-market/7784643170.html
278,omega seamaster deville 14k gf,450,other,False,https://washingtondc.craigslist.org/nva/jwl/d/woodbridge-omega-seamaster-deville-14k/7787795369.html
279,irish celtic sterling silver bracelet earrings set handcrafted knot,200,bracelet,False,https://washingtondc.craigslist.org/mld/jwl/d/gaithersburg-irish-celtic-sterling/7787791576.html
280,women's wedding band/ring platinum 2mm size 5 or 6 (brand new),300,other,True,https://washingtondc.craigslist.org/mld/jwl/d/gaithersburg-womens-wedding-band-ring/7778904013.html
281,vintage cinnebar bangle bracelet,25,bracelet,False,https://washingtondc.craigslist.org/nva/jwl/d/falls-church-vintage-cinnebar-bangle/7781050485.html
282,"vicence unisex white watch- new, never worn",100,other,False,https://washingtondc.craigslist.org/nva/jwl/d/arlington-vicence-unisex-white-watch/7787706640.html
283,"bracelet, necklaces, brooches, and pin",1,pin,False,https://washingtondc.craigslist.org/nva/jwl/d/alexandria-bracelet-necklaces-brooches/7787688761.html
284,casetank fathers day dad gifts from daughter son wife kids birthday u,5,other,False,https://washingtondc.craigslist.org/mld/jwl/d/glen-echo-casetank-fathers-day-dad/7787652071.html
285,"brand new gold plated chain necklace - 32"" long",10,chain,False,https://washingtondc.craigslist.org/mld/jwl/d/gaithersburg-brand-new-gold-plated/7787628174.html
286,"brand new gold plated chain necklace 32"" long",10,chain,False,https://washingtondc.craigslist.org/mld/jwl/d/gaithersburg-brand-new-gold-plated/7787617462.html
287,"brand new gold plated pendant necklace  32"" long",10,pendant,False,https://washingtondc.craigslist.org/mld/jwl/d/gaithersburg-brand-new-gold-plated/7787616916.html
288,"16"" gold tone necklace",15,necklace,False,https://washingtondc.craigslist.org/mld/jwl/d/gaithersburg-16-gold-tone-necklace/7787611890.html
289,"brand new gold plated pendant necklace 30"" long",10,pendant,False,https://washingtondc.craigslist.org/mld/jwl/d/gaithersburg-brand-new-gold-plated/7787610668.html
290,"brand new - gold plated pendant necklace 32"" long",10,pendant,False,https://washingtondc.craigslist.org/mld/jwl/d/gaithersburg-brand-new-gold-plated/7787610371.html
291,gorgeous diamond engagement ring,1799,ring,True,https://washingtondc.craigslist.org/nva/jwl/d/woodbridge-gorgeous-diamond-engagement/7781479404.html
292,skagen men's watch,60,watch,True,https://washingtondc.craigslist.org/nva/jwl/d/manassas-skagen-mens-watch/7779061607.html
293,vintage tupperware charm bracelet,25,bracelet,False,https://washingtondc.craigslist.org/mld/jwl/d/gaithersburg-vintage-tupperware-charm/7787597400.html
294,new kathy van zeeland silvertone hearts clip-on keychain,8,other,False,https://washingtondc.craigslist.org/mld/jwl/d/rockville-new-kathy-van-zeeland/7778869110.html
295,gold foil jewelry boxes gift box lot,1,other,False,https://washingtondc.craigslist.org/mld/jwl/d/silver-spring-gold-foil-jewelry-boxes/7783448269.html
296,dedia swiss watch,290,watch,False,https://washingtondc.craigslist.org/nva/jwl/d/washington-dedia-swiss-watch/7778733300.html
297,movados for men,0,other,True,https://washingtondc.craigslist.org/nva/jwl/d/herndon-movados-for-men/7781573757.html
298,1500's gold coin - pendent,1234567,other,False,https://washingtondc.craigslist.org/nva/jwl/d/herndon-1500s-gold-coin-pendent/7781573638.html
299,1500's gold coin - pendent,0,other,False,https://washingtondc.craigslist.org/nva/jwl/d/herndon-1500s-gold-coin-pendent/7781573682.html
300,victorian antique style silver plated embossed jewelry box (1994)–new,50,other,False,https://washingtondc.craigslist.org/nva/jwl/d/woodbridge-victorian-antique-style/7785550767.html
301,wm rogers & son silverplated bon bon dish  - brand new!,10,other,False,https://washingtondc.craigslist.org/nva/jwl/d/woodbridge-wm-rogers-son-silverplated/7785666520.html
302,brand new 2 styling decorative combs....,5,other,False,https://washingtondc.craigslist.org/nva/jwl/d/reston-brand-new-styling-decorative/7786491085.html
303,two (2) different silver ladies rings....,0,other,False,https://washingtondc.craigslist.org/nva/jwl/d/reston-two-different-silver-ladies-rings/7785675611.html
304,sterling silver 925 wood orthodox cross virgin maria jesus medallion necklace 28,70,necklace,False,https://washingtondc.craigslist.org/mld/jwl/d/silver-spring-sterling-silver-925-wood/7778666898.html
305,citizen promaster air - eco drive black,200,other,False,https://washingtondc.craigslist.org/nva/jwl/d/manassas-citizen-promaster-air-eco/7785666942.html
306,like new unique perfume bottle dangling from a chain....,10,other,False,https://washingtondc.craigslist.org/nva/jwl/d/reston-like-new-unique-perfume-bottle/7785293662.html
307,5 strand blue beaded necklace,14,necklace,False,https://washingtondc.craigslist.org/nva/jwl/d/annandale-strand-blue-beaded-necklace/7787377945.html
308,new bright blue hoop dangle earrings,5,earrings,False,https://washingtondc.craigslist.org/nva/jwl/d/annandale-new-bright-blue-hoop-dangle/7787377422.html
309,statement necklace in beige,15,necklace,True,https://washingtondc.craigslist.org/nva/jwl/d/annandale-statement-necklace-in-beige/7787374133.html
310,brand new 3 different brooches/pins....,4,other,False,https://washingtondc.craigslist.org/nva/jwl/d/reston-brand-new-different-brooches-pins/7785549259.html
311,47mm shinola runwell chrono,575,other,False,https://washingtondc.craigslist.org/mld/jwl/d/gaithersburg-47mm-shinola-runwell-chrono/7787334158.html
312,"vintage 56"" black bead necklace",40,necklace,False,https://washingtondc.craigslist.org/mld/jwl/d/gaithersburg-vintage-56-black-bead/7787305442.html
313,2 vintage hematite necklaces,40,other,False,https://washingtondc.craigslist.org/mld/jwl/d/gaithersburg-vintage-hematite-necklaces/7787301552.html
314,vintage 24k gold plated orchid flower pin/pendant,60,other,False,https://washingtondc.craigslist.org/mld/jwl/d/gaithersburg-vintage-24k-gold-plated/7787301420.html
315,beautiful earrings and necklace set,22,earrings,False,https://washingtondc.craigslist.org/mld/jwl/d/gaithersburg-beautiful-earrings-and/7787301021.html
316,bloomingdales' sets.....,0,other,False,https://washingtondc.craigslist.org/nva/jwl/d/reston-bloomingdales-sets/7786538364.html
317,rolex submariner date 16610 40mm automatic factory rolex box 1996,8798,other,False,https://washingtondc.craigslist.org/nva/jwl/d/west-mclean-rolex-submariner-date-mm/7783250981.html
318,iwc portuguese automatic iw500109 black dial 42mm 7 day power reserve,5978,other,False,https://washingtondc.craigslist.org/nva/jwl/d/west-mclean-iwc-portuguese-automatic-iw/7786497081.html
319,rolex datejust 16220 36mm silver dial automatic full set no holes case,5978,other,False,https://washingtondc.craigslist.org/nva/jwl/d/west-mclean-rolex-datejust-mm-silver/7778982734.html
320,cyma antique watch - genuine lizard band,550,watch,False,https://washingtondc.craigslist.org/nva/jwl/d/alexandria-cyma-antique-watch-genuine/7779752983.html
321,small jewelry/cosmetic box/purse,12,other,False,https://washingtondc.craigslist.org/nva/jwl/d/annandale-small-jewelry-cosmetic-box/7787263546.html
322,littlestown vise #25. usa,75,other,False,https://washingtondc.craigslist.org/doc/jwl/d/fairfax-littlestown-vise-25-usa/7778764333.html
323,sterling silver matching inlaid emerald bracelet and earrings,150,bracelet,False,https://washingtondc.craigslist.org/mld/jwl/d/potomac-sterling-silver-matching-inlaid/7778815601.html
324,brand new smartwatch,50,other,False,https://washingtondc.craigslist.org/nva/jwl/d/reston-brand-new-smartwatch/7787214318.html
325,rare malachite bracelet,300,bracelet,False,https://washingtondc.craigslist.org/nva/jwl/d/vienna-rare-malachite-bracelet/7787212111.html
326,italian clip earrings faux roman coins,35,earrings,False,https://washingtondc.craigslist.org/mld/jwl/d/riverdale-italian-clip-earrings-faux/7781363008.html
327,new - freshwater pearl cluster necklace,10,necklace,False,https://washingtondc.craigslist.org/mld/jwl/d/potomac-new-freshwater-pearl-cluster/7787189802.html
328,new! red coral cluster on chain,10,chain,False,https://washingtondc.craigslist.org/mld/jwl/d/potomac-new-red-coral-cluster-on-chain/7787189777.html
329,never worn - dark grey pearl drop necklace,10,necklace,False,https://washingtondc.craigslist.org/mld/jwl/d/potomac-never-worn-dark-grey-pearl-drop/7787189760.html
330,never worn - white pearl drop necklace,10,necklace,False,https://washingtondc.craigslist.org/mld/jwl/d/potomac-never-worn-white-pearl-drop/7787189244.html
331,coral bead drop necklaces - new!,10,other,False,https://washingtondc.craigslist.org/mld/jwl/d/potomac-coral-bead-drop-necklaces-new/7787189187.html
332,3-strand colored stone necklace,10,necklace,False,https://washingtondc.craigslist.org/mld/jwl/d/potomac-strand-colored-stone-necklace/7787189157.html
333,oval pearl necklace - in several colors,15,necklace,False,https://washingtondc.craigslist.org/mld/jwl/d/potomac-oval-pearl-necklace-in-several/7787189065.html
334,hanging mother of pearl earrings - 2 styles,5,earrings,False,https://washingtondc.craigslist.org/mld/jwl/d/potomac-hanging-mother-of-pearl/7787189041.html
335,spectacular brooch,125,other,False,https://washingtondc.craigslist.org/mld/jwl/d/riverdale-spectacular-brooch/7778382533.html
336,off-white teardrop pearl earrings,25,earrings,False,https://washingtondc.craigslist.org/mld/jwl/d/potomac-off-white-teardrop-pearl/7787188293.html
337,light grey pearl earrings,15,earrings,False,https://washingtondc.craigslist.org/mld/jwl/d/potomac-light-grey-pearl-earrings/7787188264.html
338,hanging pearl earring,10,other,False,https://washingtondc.craigslist.org/mld/jwl/d/potomac-hanging-pearl-earring/7787188242.html
339,long purple and white pearl necklace,10,necklace,False,https://washingtondc.craigslist.org/mld/jwl/d/potomac-long-purple-and-white-pearl/7787188211.html
340,"20"" coral and white pearl necklace",15,necklace,False,https://washingtondc.craigslist.org/mld/jwl/d/potomac-20-coral-and-white-pearl/7787188184.html
341,mixed stone and magnet chain,10,chain,False,https://washingtondc.craigslist.org/mld/jwl/d/potomac-mixed-stone-and-magnet-chain/7787181074.html
342,deep blue watch,425,watch,False,https://washingtondc.craigslist.org/nva/jwl/d/springfield-deep-blue-watch/7787178383.html
343,watch- deep blue daynight rescue t-100,500,other,False,https://washingtondc.craigslist.org/nva/jwl/d/springfield-watch-deep-blue-daynight/7787177183.html
344,steinhart watch,500,watch,False,https://washingtondc.craigslist.org/nva/jwl/d/springfield-steinhart-watch/7787175125.html
345,lum-tec,450,other,False,https://washingtondc.craigslist.org/nva/jwl/d/springfield-lum-tec/7787173698.html
346,invicta watch,175,watch,False,https://washingtondc.craigslist.org/nva/jwl/d/springfield-invicta-watch/7787172500.html
347,steeldive watch,125,watch,False,https://washingtondc.craigslist.org/nva/jwl/d/springfield-steeldive-watch/7787171819.html
348,invicta watch,275,watch,False,https://washingtondc.craigslist.org/nva/jwl/d/springfield-invicta-watch/7787170170.html
349,boschett cave dweller,400,other,False,https://washingtondc.craigslist.org/nva/jwl/d/springfield-boschett-cave-dweller/7787169042.html
350,boschett cave dweller,400,other,False,https://washingtondc.craigslist.org/nva/jwl/d/springfield-boschett-cave-dweller/7787167694.html
351,almost new rolex datejust 179160 ss rhodium dial almost new,4950,other,False,https://washingtondc.craigslist.org/mld/jwl/d/potomac-almost-new-rolex-datejust-ss/7787126087.html
352,ball bead bracelet sterling silver 925,145,bracelet,False,https://washingtondc.craigslist.org/mld/jwl/d/rockville-ball-bead-bracelet-sterling/7782895927.html
